<?xml version="1.0" encoding="utf-8"?>
<!--Detailed report on module AcademicOfficerService-->
<CCCC_Project>
<module_summary>
<lines_of_code value="78" level="0" />
<lines_of_code_per_member_function value="******" level="0" />
<McCabes_cyclomatic_complexity value="16" level="0" />
<McCabes_cyclomatic_complexity_per_member_function value="******" level="2" />
<lines_of_code value="15" level="0" />
<lines_of_code_per_member_function value="********" level="2" />
<lines_of_code_per_line_of_comment value="5.200" level="0" />
<McCabes_cyclomatic_complexity_per_line_of_comment value="1.067" level="0" />
<weighted_methods_per_class_unity value="7" level="0" />
<weighted_methods_per_class_visibility value="0" level="0" />
<depth_of_inheritance_tree value="0" level="0" />
<number_of_children value="0" level="0" />
<coupling_between_objects value="4" level="0" />
<IF4 value="0" level="0" />
<IF4_per_member_function value="********" level="0" />
<IF4_visible value="0" level="0" />
<IF4_visible_per_member_function value="********" level="0" />
<IF4_concrete value="0" level="0" />
<IF4_concrete_per_member_function value="********" level="0" />
</module_summary>
<module_detail>
<description>definition</description>
<source_reference file="include/ServiceLayer.h" line="18" />
<lines_of_code value="7" level="0" />
<McCabes_cyclomatic_complexity value="0" level="0" />
<lines_of_comment value="6" level="0" />
<lines_of_code_per_line_of_comment value="------" level="0" />
<McCabes_cyclomatic_complexity_per_line_of_comment value="------" level="0" />
</module_detail>
<procedural_detail>
<member_function>
<name>AcademicOfficerService(shared_ptr,shared_ptr,shared_ptr)</name>
<extent>
<description>definition</description>
<source_reference file="include/ServiceLayer.h" line="25" />
</extent>
<lines_of_code value="5" level="0" />
<McCabes_cyclomatic_complexity value="0" level="0" />
<lines_of_comment value="0" level="0" />
<lines_of_code_per_line_of_comment value="------" level="0" />
<McCabes_cyclomatic_complexity_per_line_of_comment value="------" level="0" />
</member_function>
<member_function>
<name>addTAToLab(const string &amp;,const string &amp;)</name>
<extent>
<description>definition</description>
<source_reference file="include/ServiceLayer.h" line="78" />
</extent>
<lines_of_code value="12" level="0" />
<McCabes_cyclomatic_complexity value="3" level="0" />
<lines_of_comment value="1" level="0" />
<lines_of_code_per_line_of_comment value="------" level="0" />
<McCabes_cyclomatic_complexity_per_line_of_comment value="------" level="0" />
</member_function>
<member_function>
<name>assignInstructor(const string &amp;,const string &amp;)</name>
<extent>
<description>definition</description>
<source_reference file="include/ServiceLayer.h" line="62" />
</extent>
<lines_of_code value="12" level="0" />
<McCabes_cyclomatic_complexity value="3" level="0" />
<lines_of_comment value="1" level="0" />
<lines_of_code_per_line_of_comment value="------" level="0" />
<McCabes_cyclomatic_complexity_per_line_of_comment value="------" level="0" />
</member_function>
<member_function>
<name>createLabSection(const LabSection &amp;)</name>
<extent>
<description>definition</description>
<source_reference file="include/ServiceLayer.h" line="32" />
</extent>
<lines_of_code value="13" level="0" />
<McCabes_cyclomatic_complexity value="4" level="0" />
<lines_of_comment value="3" level="0" />
<lines_of_code_per_line_of_comment value="------" level="0" />
<McCabes_cyclomatic_complexity_per_line_of_comment value="------" level="0" />
</member_function>
<member_function>
<name>removeTAFromLab(const string &amp;,const string &amp;)</name>
<extent>
<description>definition</description>
<source_reference file="include/ServiceLayer.h" line="94" />
</extent>
<lines_of_code value="8" level="0" />
<McCabes_cyclomatic_complexity value="2" level="0" />
<lines_of_comment value="1" level="0" />
<lines_of_code_per_line_of_comment value="------" level="0" />
<McCabes_cyclomatic_complexity_per_line_of_comment value="------" level="0" />
</member_function>
<member_function>
<name>scheduleMakeupLab(const string &amp;,const LabSchedule &amp;,const Date &amp;)</name>
<extent>
<description>definition</description>
<source_reference file="include/ServiceLayer.h" line="105" />
</extent>
<lines_of_code value="13" level="0" />
<McCabes_cyclomatic_complexity value="2" level="0" />
<lines_of_comment value="2" level="0" />
<lines_of_code_per_line_of_comment value="------" level="0" />
<McCabes_cyclomatic_complexity_per_line_of_comment value="------" level="0" />
</member_function>
<member_function>
<name>updateLabSchedule(const string &amp;,const LabSchedule &amp;)</name>
<extent>
<description>definition</description>
<source_reference file="include/ServiceLayer.h" line="51" />
</extent>
<lines_of_code value="8" level="0" />
<McCabes_cyclomatic_complexity value="2" level="0" />
<lines_of_comment value="1" level="0" />
<lines_of_code_per_line_of_comment value="------" level="0" />
<McCabes_cyclomatic_complexity_per_line_of_comment value="------" level="0" />
</member_function>
</procedural_detail>
<structural_detail>
<module>
<name>AcademicOfficerService</name>
<client_module>
</client_module>
<supplier_module>
<name>LabSchedule</name>
<visible>true</visible>
<concrete>false</concrete>
<extent>
<description>pass by reference</description>
<source_reference file="include/ServiceLayer.h" line="51" />
</extent>
<extent>
<description>pass by reference</description>
<source_reference file="include/ServiceLayer.h" line="105" />
</extent>
<name>LabSection</name>
<visible>true</visible>
<concrete>false</concrete>
<extent>
<description>pass by reference</description>
<source_reference file="include/ServiceLayer.h" line="32" />
</extent>
<name>shared_ptr</name>
<visible>true</visible>
<concrete>true</concrete>
<extent>
<description>has by value</description>
<source_reference file="include/ServiceLayer.h" line="20" />
</extent>
<extent>
<description>has by value</description>
<source_reference file="include/ServiceLayer.h" line="21" />
</extent>
<extent>
<description>has by value</description>
<source_reference file="include/ServiceLayer.h" line="22" />
</extent>
<extent>
<description>pass by value</description>
<source_reference file="include/ServiceLayer.h" line="26" />
</extent>
<extent>
<description>pass by value</description>
<source_reference file="include/ServiceLayer.h" line="27" />
</extent>
<extent>
<description>pass by value</description>
<source_reference file="include/ServiceLayer.h" line="28" />
</extent>
<name>string</name>
<visible>true</visible>
<concrete>false</concrete>
<extent>
<description>pass by reference</description>
<source_reference file="include/ServiceLayer.h" line="51" />
</extent>
<extent>
<description>pass by reference</description>
<source_reference file="include/ServiceLayer.h" line="62" />
</extent>
<extent>
<description>pass by reference</description>
<source_reference file="include/ServiceLayer.h" line="62" />
</extent>
<extent>
<description>pass by reference</description>
<source_reference file="include/ServiceLayer.h" line="78" />
</extent>
<extent>
<description>pass by reference</description>
<source_reference file="include/ServiceLayer.h" line="78" />
</extent>
<extent>
<description>pass by reference</description>
<source_reference file="include/ServiceLayer.h" line="94" />
</extent>
<extent>
<description>pass by reference</description>
<source_reference file="include/ServiceLayer.h" line="94" />
</extent>
<extent>
<description>pass by reference</description>
<source_reference file="include/ServiceLayer.h" line="105" />
</extent>
</supplier_module>
</module>
</structural_detail>
</CCCC_Project>
