<?xml version="1.0" encoding="utf-8"?>
<!--Detailed report on module AttendantService-->
<CCCC_Project>
<module_summary>
<lines_of_code value="46" level="0" />
<lines_of_code_per_member_function value="******" level="0" />
<McCabes_cyclomatic_complexity value="8" level="0" />
<McCabes_cyclomatic_complexity_per_member_function value="******" level="2" />
<lines_of_code value="7" level="0" />
<lines_of_code_per_member_function value="********" level="2" />
<lines_of_code_per_line_of_comment value="6.571" level="0" />
<McCabes_cyclomatic_complexity_per_line_of_comment value="1.143" level="0" />
<weighted_methods_per_class_unity value="4" level="0" />
<weighted_methods_per_class_visibility value="0" level="0" />
<depth_of_inheritance_tree value="0" level="0" />
<number_of_children value="0" level="0" />
<coupling_between_objects value="3" level="0" />
<IF4 value="0" level="0" />
<IF4_per_member_function value="********" level="0" />
<IF4_visible value="0" level="0" />
<IF4_visible_per_member_function value="********" level="0" />
<IF4_concrete value="0" level="0" />
<IF4_concrete_per_member_function value="********" level="0" />
</module_summary>
<module_detail>
<description>definition</description>
<source_reference file="include/ServiceLayer.h" line="124" />
<lines_of_code value="6" level="0" />
<McCabes_cyclomatic_complexity value="0" level="0" />
<lines_of_comment value="1" level="0" />
<lines_of_code_per_line_of_comment value="------" level="0" />
<McCabes_cyclomatic_complexity_per_line_of_comment value="------" level="0" />
</module_detail>
<procedural_detail>
<member_function>
<name>AttendantService(shared_ptr,shared_ptr)</name>
<extent>
<description>definition</description>
<source_reference file="include/ServiceLayer.h" line="140" />
</extent>
<lines_of_code value="4" level="0" />
<McCabes_cyclomatic_complexity value="0" level="0" />
<lines_of_comment value="0" level="0" />
<lines_of_code_per_line_of_comment value="------" level="0" />
<McCabes_cyclomatic_complexity_per_line_of_comment value="------" level="0" />
</member_function>
<member_function>
<name>markLabAsLeave(const string &amp;,const string &amp;,const Date &amp;,const string &amp;)</name>
<extent>
<description>definition</description>
<source_reference file="include/ServiceLayer.h" line="164" />
</extent>
<lines_of_code value="16" level="0" />
<McCabes_cyclomatic_complexity value="3" level="0" />
<lines_of_comment value="3" level="0" />
<lines_of_code_per_line_of_comment value="------" level="0" />
<McCabes_cyclomatic_complexity_per_line_of_comment value="------" level="0" />
</member_function>
<member_function>
<name>recordLabSession(const string &amp;,const string &amp;,const TimeSheetEntry &amp;)</name>
<extent>
<description>definition</description>
<source_reference file="include/ServiceLayer.h" line="146" />
</extent>
<lines_of_code value="13" level="0" />
<McCabes_cyclomatic_complexity value="3" level="0" />
<lines_of_comment value="2" level="0" />
<lines_of_code_per_line_of_comment value="------" level="0" />
<McCabes_cyclomatic_complexity_per_line_of_comment value="------" level="0" />
</member_function>
<member_function>
<name>validateBuildingAccess(const string &amp;,const string &amp;)</name>
<extent>
<description>definition</description>
<source_reference file="include/ServiceLayer.h" line="130" />
</extent>
<lines_of_code value="7" level="0" />
<McCabes_cyclomatic_complexity value="2" level="0" />
<lines_of_comment value="1" level="0" />
<lines_of_code_per_line_of_comment value="------" level="0" />
<McCabes_cyclomatic_complexity_per_line_of_comment value="------" level="0" />
</member_function>
</procedural_detail>
<structural_detail>
<module>
<name>AttendantService</name>
<client_module>
</client_module>
<supplier_module>
<name>TimeSheetEntry</name>
<visible>true</visible>
<concrete>false</concrete>
<extent>
<description>pass by reference</description>
<source_reference file="include/ServiceLayer.h" line="147" />
</extent>
<name>shared_ptr</name>
<visible>true</visible>
<concrete>true</concrete>
<extent>
<description>has by value</description>
<source_reference file="include/ServiceLayer.h" line="126" />
</extent>
<extent>
<description>has by value</description>
<source_reference file="include/ServiceLayer.h" line="127" />
</extent>
<extent>
<description>pass by value</description>
<source_reference file="include/ServiceLayer.h" line="141" />
</extent>
<extent>
<description>pass by value</description>
<source_reference file="include/ServiceLayer.h" line="142" />
</extent>
<name>string</name>
<visible>true</visible>
<concrete>false</concrete>
<extent>
<description>pass by reference</description>
<source_reference file="include/ServiceLayer.h" line="130" />
</extent>
<extent>
<description>pass by reference</description>
<source_reference file="include/ServiceLayer.h" line="130" />
</extent>
<extent>
<description>pass by reference</description>
<source_reference file="include/ServiceLayer.h" line="146" />
</extent>
<extent>
<description>pass by reference</description>
<source_reference file="include/ServiceLayer.h" line="146" />
</extent>
<extent>
<description>pass by reference</description>
<source_reference file="include/ServiceLayer.h" line="164" />
</extent>
<extent>
<description>pass by reference</description>
<source_reference file="include/ServiceLayer.h" line="164" />
</extent>
<extent>
<description>pass by reference</description>
<source_reference file="include/ServiceLayer.h" line="165" />
</extent>
</supplier_module>
</module>
</structural_detail>
</CCCC_Project>
