<?xml version="1.0" encoding="utf-8"?>
<!--Detailed report on module BinarySerializer-->
<CCCC_Project>
<module_summary>
<lines_of_code value="34" level="0" />
<lines_of_code_per_member_function value="******" level="0" />
<McCabes_cyclomatic_complexity value="4" level="0" />
<McCabes_cyclomatic_complexity_per_member_function value="******" level="2" />
<lines_of_code value="7" level="0" />
<lines_of_code_per_member_function value="********" level="2" />
<lines_of_code_per_line_of_comment value="4.857" level="0" />
<McCabes_cyclomatic_complexity_per_line_of_comment value="------" level="0" />
<weighted_methods_per_class_unity value="4" level="0" />
<weighted_methods_per_class_visibility value="0" level="0" />
<depth_of_inheritance_tree value="0" level="0" />
<number_of_children value="0" level="0" />
<coupling_between_objects value="4" level="0" />
<IF4 value="0" level="0" />
<IF4_per_member_function value="********" level="0" />
<IF4_visible value="0" level="0" />
<IF4_visible_per_member_function value="********" level="0" />
<IF4_concrete value="0" level="0" />
<IF4_concrete_per_member_function value="********" level="0" />
</module_summary>
<module_detail>
<description>definition</description>
<source_reference file="include/BinaryRepositories.h" line="17" />
<lines_of_code value="3" level="0" />
<McCabes_cyclomatic_complexity value="0" level="0" />
<lines_of_comment value="5" level="0" />
<lines_of_code_per_line_of_comment value="------" level="0" />
<McCabes_cyclomatic_complexity_per_line_of_comment value="------" level="0" />
</module_detail>
<procedural_detail>
<member_function>
<name>readString(ifstream &amp;)</name>
<extent>
<description>definition</description>
<source_reference file="include/BinaryRepositories.h" line="26" />
</extent>
<lines_of_code value="10" level="0" />
<McCabes_cyclomatic_complexity value="1" level="0" />
<lines_of_comment value="0" level="0" />
<lines_of_code_per_line_of_comment value="------" level="0" />
<McCabes_cyclomatic_complexity_per_line_of_comment value="------" level="0" />
</member_function>
<member_function>
<name>readStringVector(ifstream &amp;)</name>
<extent>
<description>definition</description>
<source_reference file="include/BinaryRepositories.h" line="46" />
</extent>
<lines_of_code value="9" level="0" />
<McCabes_cyclomatic_complexity value="2" level="0" />
<lines_of_comment value="0" level="0" />
<lines_of_code_per_line_of_comment value="------" level="0" />
<McCabes_cyclomatic_complexity_per_line_of_comment value="------" level="0" />
</member_function>
<member_function>
<name>writeString(ofstream &amp;,const string &amp;)</name>
<extent>
<description>definition</description>
<source_reference file="include/BinaryRepositories.h" line="20" />
</extent>
<lines_of_code value="5" level="0" />
<McCabes_cyclomatic_complexity value="0" level="0" />
<lines_of_comment value="1" level="0" />
<lines_of_code_per_line_of_comment value="------" level="0" />
<McCabes_cyclomatic_complexity_per_line_of_comment value="------" level="0" />
</member_function>
<member_function>
<name>writeStringVector(ofstream &amp;,const vector &amp;)</name>
<extent>
<description>definition</description>
<source_reference file="include/BinaryRepositories.h" line="38" />
</extent>
<lines_of_code value="7" level="0" />
<McCabes_cyclomatic_complexity value="1" level="0" />
<lines_of_comment value="1" level="0" />
<lines_of_code_per_line_of_comment value="------" level="0" />
<McCabes_cyclomatic_complexity_per_line_of_comment value="------" level="0" />
</member_function>
</procedural_detail>
<structural_detail>
<module>
<name>BinarySerializer</name>
<client_module>
</client_module>
<supplier_module>
<name>ifstream</name>
<visible>true</visible>
<concrete>false</concrete>
<extent>
<description>pass by reference</description>
<source_reference file="include/BinaryRepositories.h" line="26" />
</extent>
<extent>
<description>pass by reference</description>
<source_reference file="include/BinaryRepositories.h" line="46" />
</extent>
<name>ofstream</name>
<visible>true</visible>
<concrete>false</concrete>
<extent>
<description>pass by reference</description>
<source_reference file="include/BinaryRepositories.h" line="20" />
</extent>
<extent>
<description>pass by reference</description>
<source_reference file="include/BinaryRepositories.h" line="38" />
</extent>
<name>string</name>
<visible>true</visible>
<concrete>false</concrete>
<extent>
<description>pass by reference</description>
<source_reference file="include/BinaryRepositories.h" line="20" />
</extent>
<name>vector</name>
<visible>true</visible>
<concrete>false</concrete>
<extent>
<description>pass by reference</description>
<source_reference file="include/BinaryRepositories.h" line="38" />
</extent>
</supplier_module>
</module>
</structural_detail>
</CCCC_Project>
