<?xml version="1.0" encoding="utf-8"?>
<!--Detailed report on module ConsoleUI-->
<CCCC_Project>
<module_summary>
<lines_of_code value="67" level="0" />
<lines_of_code_per_member_function value="******" level="0" />
<McCabes_cyclomatic_complexity value="10" level="0" />
<McCabes_cyclomatic_complexity_per_member_function value="******" level="2" />
<lines_of_code value="5" level="0" />
<lines_of_code_per_member_function value="********" level="2" />
<lines_of_code_per_line_of_comment value="13.400" level="1" />
<McCabes_cyclomatic_complexity_per_line_of_comment value="2.000" level="0" />
<weighted_methods_per_class_unity value="10" level="0" />
<weighted_methods_per_class_visibility value="2" level="0" />
<depth_of_inheritance_tree value="0" level="0" />
<number_of_children value="0" level="0" />
<coupling_between_objects value="1" level="0" />
<IF4 value="0" level="0" />
<IF4_per_member_function value="********" level="0" />
<IF4_visible value="0" level="0" />
<IF4_visible_per_member_function value="********" level="0" />
<IF4_concrete value="0" level="0" />
<IF4_concrete_per_member_function value="********" level="0" />
</module_summary>
<module_detail>
<description>definition</description>
<source_reference file="src/main.cpp" line="17" />
<lines_of_code value="3" level="0" />
<McCabes_cyclomatic_complexity value="0" level="0" />
<lines_of_comment value="5" level="0" />
<lines_of_code_per_line_of_comment value="------" level="0" />
<McCabes_cyclomatic_complexity_per_line_of_comment value="------" level="0" />
</module_detail>
<procedural_detail>
<member_function>
<name>clearScreen()</name>
<extent>
<description>definition</description>
<source_reference file="src/main.cpp" line="19" />
</extent>
<lines_of_code value="5" level="0" />
<McCabes_cyclomatic_complexity value="0" level="0" />
<lines_of_comment value="0" level="0" />
<lines_of_code_per_line_of_comment value="------" level="0" />
<McCabes_cyclomatic_complexity_per_line_of_comment value="------" level="0" />
</member_function>
<member_function>
<name>getChoice(int,int)</name>
<extent>
<description>definition</description>
<source_reference file="src/main.cpp" line="53" />
</extent>
<lines_of_code value="14" level="0" />
<McCabes_cyclomatic_complexity value="5" level="0" />
<lines_of_comment value="0" level="0" />
<lines_of_code_per_line_of_comment value="------" level="0" />
<McCabes_cyclomatic_complexity_per_line_of_comment value="******" level="0" />
</member_function>
<member_function>
<name>getInput(const string &amp;)</name>
<extent>
<description>definition</description>
<source_reference file="src/main.cpp" line="68" />
</extent>
<lines_of_code value="6" level="0" />
<McCabes_cyclomatic_complexity value="1" level="0" />
<lines_of_comment value="0" level="0" />
<lines_of_code_per_line_of_comment value="------" level="0" />
<McCabes_cyclomatic_complexity_per_line_of_comment value="------" level="0" />
</member_function>
<member_function>
<name>getIntInput(const string &amp;)</name>
<extent>
<description>definition</description>
<source_reference file="src/main.cpp" line="82" />
</extent>
<lines_of_code value="13" level="0" />
<McCabes_cyclomatic_complexity value="3" level="0" />
<lines_of_comment value="0" level="0" />
<lines_of_code_per_line_of_comment value="------" level="0" />
<McCabes_cyclomatic_complexity_per_line_of_comment value="------" level="0" />
</member_function>
<member_function>
<name>getPassword(const string &amp;)</name>
<extent>
<description>definition</description>
<source_reference file="src/main.cpp" line="75" />
</extent>
<lines_of_code value="6" level="0" />
<McCabes_cyclomatic_complexity value="1" level="0" />
<lines_of_comment value="0" level="0" />
<lines_of_code_per_line_of_comment value="------" level="0" />
<McCabes_cyclomatic_complexity_per_line_of_comment value="------" level="0" />
</member_function>
<member_function>
<name>pause()</name>
<extent>
<description>definition</description>
<source_reference file="src/main.cpp" line="28" />
</extent>
<lines_of_code value="5" level="0" />
<McCabes_cyclomatic_complexity value="0" level="0" />
<lines_of_comment value="0" level="0" />
<lines_of_code_per_line_of_comment value="------" level="0" />
<McCabes_cyclomatic_complexity_per_line_of_comment value="------" level="0" />
</member_function>
<member_function>
<name>printError(const string &amp;)</name>
<extent>
<description>definition</description>
<source_reference file="src/main.cpp" line="41" />
</extent>
<lines_of_code value="3" level="0" />
<McCabes_cyclomatic_complexity value="0" level="0" />
<lines_of_comment value="0" level="0" />
<lines_of_code_per_line_of_comment value="------" level="0" />
<McCabes_cyclomatic_complexity_per_line_of_comment value="------" level="0" />
</member_function>
<member_function>
<name>printHeader(const string &amp;)</name>
<extent>
<description>definition</description>
<source_reference file="src/main.cpp" line="34" />
</extent>
<lines_of_code value="6" level="0" />
<McCabes_cyclomatic_complexity value="0" level="0" />
<lines_of_comment value="0" level="0" />
<lines_of_code_per_line_of_comment value="------" level="0" />
<McCabes_cyclomatic_complexity_per_line_of_comment value="------" level="0" />
</member_function>
<member_function>
<name>printInfo(const string &amp;)</name>
<extent>
<description>definition</description>
<source_reference file="src/main.cpp" line="49" />
</extent>
<lines_of_code value="3" level="0" />
<McCabes_cyclomatic_complexity value="0" level="0" />
<lines_of_comment value="0" level="0" />
<lines_of_code_per_line_of_comment value="------" level="0" />
<McCabes_cyclomatic_complexity_per_line_of_comment value="------" level="0" />
</member_function>
<member_function>
<name>printSuccess(const string &amp;)</name>
<extent>
<description>definition</description>
<source_reference file="src/main.cpp" line="45" />
</extent>
<lines_of_code value="3" level="0" />
<McCabes_cyclomatic_complexity value="0" level="0" />
<lines_of_comment value="0" level="0" />
<lines_of_code_per_line_of_comment value="------" level="0" />
<McCabes_cyclomatic_complexity_per_line_of_comment value="------" level="0" />
</member_function>
</procedural_detail>
<structural_detail>
<module>
<name>ConsoleUI</name>
<client_module>
</client_module>
<supplier_module>
<name>string</name>
<visible>true</visible>
<concrete>false</concrete>
<extent>
<description>pass by reference</description>
<source_reference file="src/main.cpp" line="34" />
</extent>
<extent>
<description>pass by reference</description>
<source_reference file="src/main.cpp" line="41" />
</extent>
<extent>
<description>pass by reference</description>
<source_reference file="src/main.cpp" line="45" />
</extent>
<extent>
<description>pass by reference</description>
<source_reference file="src/main.cpp" line="49" />
</extent>
<extent>
<description>pass by reference</description>
<source_reference file="src/main.cpp" line="68" />
</extent>
<extent>
<description>pass by reference</description>
<source_reference file="src/main.cpp" line="75" />
</extent>
<extent>
<description>pass by reference</description>
<source_reference file="src/main.cpp" line="82" />
</extent>
</supplier_module>
</module>
</structural_detail>
</CCCC_Project>
