<?xml version="1.0" encoding="utf-8"?>
<!--Detailed report on module LabsManagementApp-->
<CCCC_Project>
<module_summary>
<lines_of_code value="529" level="1" />
<lines_of_code_per_member_function value="******" level="0" />
<McCabes_cyclomatic_complexity value="92" level="0" />
<McCabes_cyclomatic_complexity_per_member_function value="******" level="2" />
<lines_of_code value="27" level="0" />
<lines_of_code_per_member_function value="********" level="2" />
<lines_of_code_per_line_of_comment value="19.593" level="1" />
<McCabes_cyclomatic_complexity_per_line_of_comment value="3.407" level="0" />
<weighted_methods_per_class_unity value="33" level="0" />
<weighted_methods_per_class_visibility value="0" level="0" />
<depth_of_inheritance_tree value="0" level="0" />
<number_of_children value="0" level="0" />
<coupling_between_objects value="3" level="0" />
<IF4 value="0" level="0" />
<IF4_per_member_function value="********" level="0" />
<IF4_visible value="0" level="0" />
<IF4_visible_per_member_function value="********" level="0" />
<IF4_concrete value="0" level="0" />
<IF4_concrete_per_member_function value="********" level="0" />
</module_summary>
<module_detail>
<description>definition</description>
<source_reference file="src/main.cpp" line="98" />
<lines_of_code value="14" level="0" />
<McCabes_cyclomatic_complexity value="0" level="0" />
<lines_of_comment value="3" level="0" />
<lines_of_code_per_line_of_comment value="------" level="0" />
<McCabes_cyclomatic_complexity_per_line_of_comment value="------" level="0" />
</module_detail>
<procedural_detail>
<member_function>
<name>LabsManagementApp(shared_ptr,shared_ptr,shared_ptr,shared_ptr,shared_ptr)</name>
<extent>
<description>definition</description>
<source_reference file="src/main.cpp" line="703" />
</extent>
<lines_of_code value="11" level="0" />
<McCabes_cyclomatic_complexity value="0" level="0" />
<lines_of_comment value="0" level="0" />
<lines_of_code_per_line_of_comment value="------" level="0" />
<McCabes_cyclomatic_complexity_per_line_of_comment value="------" level="0" />
</member_function>
<member_function>
<name>changePassword()</name>
<extent>
<description>definition</description>
<source_reference file="src/main.cpp" line="327" />
</extent>
<lines_of_code value="17" level="0" />
<McCabes_cyclomatic_complexity value="3" level="0" />
<lines_of_comment value="0" level="0" />
<lines_of_code_per_line_of_comment value="------" level="0" />
<McCabes_cyclomatic_complexity_per_line_of_comment value="------" level="0" />
</member_function>
<member_function>
<name>deactivateUser()</name>
<extent>
<description>definition</description>
<source_reference file="src/main.cpp" line="681" />
</extent>
<lines_of_code value="16" level="0" />
<McCabes_cyclomatic_complexity value="2" level="0" />
<lines_of_comment value="0" level="0" />
<lines_of_code_per_line_of_comment value="------" level="0" />
<McCabes_cyclomatic_complexity_per_line_of_comment value="------" level="0" />
</member_function>
<member_function>
<name>generateSemesterReport()</name>
<extent>
<description>definition</description>
<source_reference file="src/main.cpp" line="577" />
</extent>
<lines_of_code value="11" level="0" />
<McCabes_cyclomatic_complexity value="0" level="0" />
<lines_of_comment value="0" level="0" />
<lines_of_code_per_line_of_comment value="------" level="0" />
<McCabes_cyclomatic_complexity_per_line_of_comment value="------" level="0" />
</member_function>
<member_function>
<name>generateWeeklySchedule()</name>
<extent>
<description>definition</description>
<source_reference file="src/main.cpp" line="548" />
</extent>
<lines_of_code value="10" level="0" />
<McCabes_cyclomatic_complexity value="0" level="0" />
<lines_of_comment value="0" level="0" />
<lines_of_code_per_line_of_comment value="------" level="0" />
<McCabes_cyclomatic_complexity_per_line_of_comment value="------" level="0" />
</member_function>
<member_function>
<name>generateWeeklyTimesheet()</name>
<extent>
<description>definition</description>
<source_reference file="src/main.cpp" line="561" />
</extent>
<lines_of_code value="12" level="0" />
<McCabes_cyclomatic_complexity value="0" level="0" />
<lines_of_comment value="0" level="0" />
<lines_of_code_per_line_of_comment value="------" level="0" />
<McCabes_cyclomatic_complexity_per_line_of_comment value="------" level="0" />
</member_function>
<member_function>
<name>handleAcademicOfficer()</name>
<extent>
<description>definition</description>
<source_reference file="src/main.cpp" line="350" />
</extent>
<lines_of_code value="14" level="0" />
<McCabes_cyclomatic_complexity value="8" level="0" />
<lines_of_comment value="1" level="0" />
<lines_of_code_per_line_of_comment value="------" level="0" />
<McCabes_cyclomatic_complexity_per_line_of_comment value="8.000" level="1" />
</member_function>
<member_function>
<name>handleAttendant()</name>
<extent>
<description>definition</description>
<source_reference file="src/main.cpp" line="427" />
</extent>
<lines_of_code value="15" level="0" />
<McCabes_cyclomatic_complexity value="7" level="0" />
<lines_of_comment value="1" level="0" />
<lines_of_code_per_line_of_comment value="------" level="0" />
<McCabes_cyclomatic_complexity_per_line_of_comment value="7.000" level="1" />
</member_function>
<member_function>
<name>handleAuthenticatedUser()</name>
<extent>
<description>definition</description>
<source_reference file="src/main.cpp" line="744" />
</extent>
<lines_of_code value="24" level="0" />
<McCabes_cyclomatic_complexity value="8" level="0" />
<lines_of_comment value="0" level="0" />
<lines_of_code_per_line_of_comment value="******" level="2" />
<McCabes_cyclomatic_complexity_per_line_of_comment value="******" level="2" />
</member_function>
<member_function>
<name>handleHOD()</name>
<extent>
<description>definition</description>
<source_reference file="src/main.cpp" line="531" />
</extent>
<lines_of_code value="15" level="0" />
<McCabes_cyclomatic_complexity value="9" level="0" />
<lines_of_comment value="1" level="0" />
<lines_of_code_per_line_of_comment value="------" level="0" />
<McCabes_cyclomatic_complexity_per_line_of_comment value="9.000" level="1" />
</member_function>
<member_function>
<name>handleInstructor()</name>
<extent>
<description>definition</description>
<source_reference file="src/main.cpp" line="470" />
</extent>
<lines_of_code value="15" level="0" />
<McCabes_cyclomatic_complexity value="7" level="0" />
<lines_of_comment value="1" level="0" />
<lines_of_code_per_line_of_comment value="------" level="0" />
<McCabes_cyclomatic_complexity_per_line_of_comment value="7.000" level="1" />
</member_function>
<member_function>
<name>initializeServices()</name>
<extent>
<description>definition</description>
<source_reference file="src/main.cpp" line="114" />
</extent>
<lines_of_code value="11" level="0" />
<McCabes_cyclomatic_complexity value="0" level="0" />
<lines_of_comment value="0" level="0" />
<lines_of_code_per_line_of_comment value="------" level="0" />
<McCabes_cyclomatic_complexity_per_line_of_comment value="------" level="0" />
</member_function>
<member_function>
<name>labManagementMenu()</name>
<extent>
<description>definition</description>
<source_reference file="src/main.cpp" line="366" />
</extent>
<lines_of_code value="11" level="0" />
<McCabes_cyclomatic_complexity value="0" level="0" />
<lines_of_comment value="3" level="0" />
<lines_of_code_per_line_of_comment value="------" level="0" />
<McCabes_cyclomatic_complexity_per_line_of_comment value="------" level="0" />
</member_function>
<member_function>
<name>loginUser()</name>
<extent>
<description>definition</description>
<source_reference file="src/main.cpp" line="215" />
</extent>
<lines_of_code value="18" level="0" />
<McCabes_cyclomatic_complexity value="3" level="0" />
<lines_of_comment value="0" level="0" />
<lines_of_code_per_line_of_comment value="------" level="0" />
<McCabes_cyclomatic_complexity_per_line_of_comment value="------" level="0" />
</member_function>
<member_function>
<name>manageUsers()</name>
<extent>
<description>definition</description>
<source_reference file="src/main.cpp" line="613" />
</extent>
<lines_of_code value="13" level="0" />
<McCabes_cyclomatic_complexity value="4" level="0" />
<lines_of_comment value="0" level="0" />
<lines_of_code_per_line_of_comment value="------" level="0" />
<McCabes_cyclomatic_complexity_per_line_of_comment value="------" level="0" />
</member_function>
<member_function>
<name>markLeave(const string &amp;)</name>
<extent>
<description>definition</description>
<source_reference file="src/main.cpp" line="453" />
</extent>
<lines_of_code value="6" level="0" />
<McCabes_cyclomatic_complexity value="0" level="0" />
<lines_of_comment value="1" level="0" />
<lines_of_code_per_line_of_comment value="------" level="0" />
<McCabes_cyclomatic_complexity_per_line_of_comment value="------" level="0" />
</member_function>
<member_function>
<name>recordSession(const string &amp;)</name>
<extent>
<description>definition</description>
<source_reference file="src/main.cpp" line="445" />
</extent>
<lines_of_code value="6" level="0" />
<McCabes_cyclomatic_complexity value="0" level="0" />
<lines_of_comment value="1" level="0" />
<lines_of_code_per_line_of_comment value="------" level="0" />
<McCabes_cyclomatic_complexity_per_line_of_comment value="------" level="0" />
</member_function>
<member_function>
<name>registerNewUser()</name>
<extent>
<description>definition</description>
<source_reference file="src/main.cpp" line="156" />
</extent>
<lines_of_code value="47" level="1" />
<McCabes_cyclomatic_complexity value="8" level="0" />
<lines_of_comment value="1" level="0" />
<lines_of_code_per_line_of_comment value="47.000" level="2" />
<McCabes_cyclomatic_complexity_per_line_of_comment value="8.000" level="1" />
</member_function>
<member_function>
<name>requestMakeup(const string &amp;)</name>
<extent>
<description>definition</description>
<source_reference file="src/main.cpp" line="514" />
</extent>
<lines_of_code value="6" level="0" />
<McCabes_cyclomatic_complexity value="0" level="0" />
<lines_of_comment value="1" level="0" />
<lines_of_code_per_line_of_comment value="------" level="0" />
<McCabes_cyclomatic_complexity_per_line_of_comment value="------" level="0" />
</member_function>
<member_function>
<name>run()</name>
<extent>
<description>definition</description>
<source_reference file="src/main.cpp" line="716" />
</extent>
<lines_of_code value="23" level="0" />
<McCabes_cyclomatic_complexity value="7" level="0" />
<lines_of_comment value="4" level="0" />
<lines_of_code_per_line_of_comment value="5.750" level="0" />
<McCabes_cyclomatic_complexity_per_line_of_comment value="1.750" level="0" />
</member_function>
<member_function>
<name>scheduleManagementMenu()</name>
<extent>
<description>definition</description>
<source_reference file="src/main.cpp" line="398" />
</extent>
<lines_of_code value="11" level="0" />
<McCabes_cyclomatic_complexity value="0" level="0" />
<lines_of_comment value="1" level="0" />
<lines_of_code_per_line_of_comment value="------" level="0" />
<McCabes_cyclomatic_complexity_per_line_of_comment value="------" level="0" />
</member_function>
<member_function>
<name>showAboutSystem()</name>
<extent>
<description>definition</description>
<source_reference file="src/main.cpp" line="140" />
</extent>
<lines_of_code value="15" level="0" />
<McCabes_cyclomatic_complexity value="0" level="0" />
<lines_of_comment value="0" level="0" />
<lines_of_code_per_line_of_comment value="------" level="0" />
<McCabes_cyclomatic_complexity_per_line_of_comment value="------" level="0" />
</member_function>
<member_function>
<name>showRoleBasedMenu()</name>
<extent>
<description>definition</description>
<source_reference file="src/main.cpp" line="238" />
</extent>
<lines_of_code value="43" level="1" />
<McCabes_cyclomatic_complexity value="8" level="0" />
<lines_of_comment value="1" level="0" />
<lines_of_code_per_line_of_comment value="43.000" level="2" />
<McCabes_cyclomatic_complexity_per_line_of_comment value="8.000" level="1" />
</member_function>
<member_function>
<name>showUserProfile()</name>
<extent>
<description>definition</description>
<source_reference file="src/main.cpp" line="288" />
</extent>
<lines_of_code value="28" level="0" />
<McCabes_cyclomatic_complexity value="6" level="0" />
<lines_of_comment value="1" level="0" />
<lines_of_code_per_line_of_comment value="28.000" level="1" />
<McCabes_cyclomatic_complexity_per_line_of_comment value="6.000" level="1" />
</member_function>
<member_function>
<name>showWelcomeScreen()</name>
<extent>
<description>definition</description>
<source_reference file="src/main.cpp" line="131" />
</extent>
<lines_of_code value="8" level="0" />
<McCabes_cyclomatic_complexity value="0" level="0" />
<lines_of_comment value="1" level="0" />
<lines_of_code_per_line_of_comment value="------" level="0" />
<McCabes_cyclomatic_complexity_per_line_of_comment value="------" level="0" />
</member_function>
<member_function>
<name>staffManagementMenu()</name>
<extent>
<description>definition</description>
<source_reference file="src/main.cpp" line="382" />
</extent>
<lines_of_code value="13" level="0" />
<McCabes_cyclomatic_complexity value="0" level="0" />
<lines_of_comment value="1" level="0" />
<lines_of_code_per_line_of_comment value="------" level="0" />
<McCabes_cyclomatic_complexity_per_line_of_comment value="------" level="0" />
</member_function>
<member_function>
<name>viewAllStatistics()</name>
<extent>
<description>definition</description>
<source_reference file="src/main.cpp" line="592" />
</extent>
<lines_of_code value="14" level="0" />
<McCabes_cyclomatic_complexity value="1" level="0" />
<lines_of_comment value="0" level="0" />
<lines_of_code_per_line_of_comment value="------" level="0" />
<McCabes_cyclomatic_complexity_per_line_of_comment value="------" level="0" />
</member_function>
<member_function>
<name>viewAllUsers()</name>
<extent>
<description>definition</description>
<source_reference file="src/main.cpp" line="630" />
</extent>
<lines_of_code value="13" level="0" />
<McCabes_cyclomatic_complexity value="2" level="0" />
<lines_of_comment value="0" level="0" />
<lines_of_code_per_line_of_comment value="------" level="0" />
<McCabes_cyclomatic_complexity_per_line_of_comment value="------" level="0" />
</member_function>
<member_function>
<name>viewInstructorLabs(const string &amp;)</name>
<extent>
<description>definition</description>
<source_reference file="src/main.cpp" line="488" />
</extent>
<lines_of_code value="21" level="0" />
<McCabes_cyclomatic_complexity value="2" level="0" />
<lines_of_comment value="0" level="0" />
<lines_of_code_per_line_of_comment value="******" level="2" />
<McCabes_cyclomatic_complexity_per_line_of_comment value="------" level="0" />
</member_function>
<member_function>
<name>viewMyLabs(const string &amp;)</name>
<extent>
<description>definition</description>
<source_reference file="src/main.cpp" line="461" />
</extent>
<lines_of_code value="6" level="0" />
<McCabes_cyclomatic_complexity value="0" level="0" />
<lines_of_comment value="1" level="0" />
<lines_of_code_per_line_of_comment value="------" level="0" />
<McCabes_cyclomatic_complexity_per_line_of_comment value="------" level="0" />
</member_function>
<member_function>
<name>viewReportsMenu()</name>
<extent>
<description>definition</description>
<source_reference file="src/main.cpp" line="412" />
</extent>
<lines_of_code value="11" level="0" />
<McCabes_cyclomatic_complexity value="0" level="0" />
<lines_of_comment value="1" level="0" />
<lines_of_code_per_line_of_comment value="------" level="0" />
<McCabes_cyclomatic_complexity_per_line_of_comment value="------" level="0" />
</member_function>
<member_function>
<name>viewStatistics(const string &amp;)</name>
<extent>
<description>definition</description>
<source_reference file="src/main.cpp" line="522" />
</extent>
<lines_of_code value="6" level="0" />
<McCabes_cyclomatic_complexity value="0" level="0" />
<lines_of_comment value="1" level="0" />
<lines_of_code_per_line_of_comment value="------" level="0" />
<McCabes_cyclomatic_complexity_per_line_of_comment value="------" level="0" />
</member_function>
<member_function>
<name>viewUsersByRole()</name>
<extent>
<description>definition</description>
<source_reference file="src/main.cpp" line="648" />
</extent>
<lines_of_code value="25" level="0" />
<McCabes_cyclomatic_complexity value="7" level="0" />
<lines_of_comment value="1" level="0" />
<lines_of_code_per_line_of_comment value="25.000" level="1" />
<McCabes_cyclomatic_complexity_per_line_of_comment value="7.000" level="1" />
</member_function>
</procedural_detail>
<structural_detail>
<module>
<name>LabsManagementApp</name>
<client_module>
</client_module>
<supplier_module>
<name>shared_ptr</name>
<visible>true</visible>
<concrete>true</concrete>
<extent>
<description>has by value</description>
<source_reference file="src/main.cpp" line="101" />
</extent>
<extent>
<description>has by value</description>
<source_reference file="src/main.cpp" line="102" />
</extent>
<extent>
<description>has by value</description>
<source_reference file="src/main.cpp" line="103" />
</extent>
<extent>
<description>has by value</description>
<source_reference file="src/main.cpp" line="104" />
</extent>
<extent>
<description>has by value</description>
<source_reference file="src/main.cpp" line="105" />
</extent>
<extent>
<description>pass by value</description>
<source_reference file="src/main.cpp" line="704" />
</extent>
<extent>
<description>pass by value</description>
<source_reference file="src/main.cpp" line="705" />
</extent>
<extent>
<description>pass by value</description>
<source_reference file="src/main.cpp" line="706" />
</extent>
<extent>
<description>pass by value</description>
<source_reference file="src/main.cpp" line="707" />
</extent>
<extent>
<description>pass by value</description>
<source_reference file="src/main.cpp" line="708" />
</extent>
<name>string</name>
<visible>true</visible>
<concrete>false</concrete>
<extent>
<description>pass by reference</description>
<source_reference file="src/main.cpp" line="445" />
</extent>
<extent>
<description>pass by reference</description>
<source_reference file="src/main.cpp" line="453" />
</extent>
<extent>
<description>pass by reference</description>
<source_reference file="src/main.cpp" line="461" />
</extent>
<extent>
<description>pass by reference</description>
<source_reference file="src/main.cpp" line="488" />
</extent>
<extent>
<description>pass by reference</description>
<source_reference file="src/main.cpp" line="514" />
</extent>
<extent>
<description>pass by reference</description>
<source_reference file="src/main.cpp" line="522" />
</extent>
<name>unique_ptr</name>
<visible>true</visible>
<concrete>true</concrete>
<extent>
<description>has by value</description>
<source_reference file="src/main.cpp" line="108" />
</extent>
<extent>
<description>has by value</description>
<source_reference file="src/main.cpp" line="109" />
</extent>
<extent>
<description>has by value</description>
<source_reference file="src/main.cpp" line="110" />
</extent>
<extent>
<description>has by value</description>
<source_reference file="src/main.cpp" line="111" />
</extent>
<extent>
<description>has by value</description>
<source_reference file="src/main.cpp" line="112" />
</extent>
</supplier_module>
</module>
</structural_detail>
</CCCC_Project>
