<?xml version="1.0" encoding="utf-8"?>
<!--Detailed report on module LabSectionBinaryRepository-->
<CCCC_Project>
<module_summary>
<lines_of_code value="107" level="0" />
<lines_of_code_per_member_function value="******" level="0" />
<McCabes_cyclomatic_complexity value="7" level="0" />
<McCabes_cyclomatic_complexity_per_member_function value="******" level="2" />
<lines_of_code value="11" level="0" />
<lines_of_code_per_member_function value="********" level="2" />
<lines_of_code_per_line_of_comment value="9.727" level="1" />
<McCabes_cyclomatic_complexity_per_line_of_comment value="0.636" level="0" />
<weighted_methods_per_class_unity value="3" level="0" />
<weighted_methods_per_class_visibility value="0" level="0" />
<depth_of_inheritance_tree value="2" level="0" />
<number_of_children value="0" level="0" />
<coupling_between_objects value="5" level="0" />
<IF4 value="0" level="0" />
<IF4_per_member_function value="********" level="0" />
<IF4_visible value="0" level="0" />
<IF4_visible_per_member_function value="********" level="0" />
<IF4_concrete value="0" level="0" />
<IF4_concrete_per_member_function value="********" level="0" />
</module_summary>
<module_detail>
<description>definition</description>
<source_reference file="include/BinaryRepositories.h" line="58" />
<lines_of_code value="14" level="0" />
<McCabes_cyclomatic_complexity value="3" level="0" />
<lines_of_comment value="1" level="0" />
<lines_of_code_per_line_of_comment value="------" level="0" />
<McCabes_cyclomatic_complexity_per_line_of_comment value="------" level="0" />
</module_detail>
<procedural_detail>
<member_function>
<name>LabSectionBinaryRepository(const string &amp;)</name>
<extent>
<description>definition</description>
<source_reference file="include/BinaryRepositories.h" line="191" />
</extent>
<lines_of_code value="3" level="0" />
<McCabes_cyclomatic_complexity value="0" level="0" />
<lines_of_comment value="0" level="0" />
<lines_of_code_per_line_of_comment value="------" level="0" />
<McCabes_cyclomatic_complexity_per_line_of_comment value="------" level="0" />
</member_function>
<member_function>
<name>readLabSection(ifstream &amp;)</name>
<extent>
<description>definition</description>
<source_reference file="include/BinaryRepositories.h" line="121" />
</extent>
<lines_of_code value="48" level="1" />
<McCabes_cyclomatic_complexity value="3" level="0" />
<lines_of_comment value="5" level="0" />
<lines_of_code_per_line_of_comment value="9.600" level="1" />
<McCabes_cyclomatic_complexity_per_line_of_comment value="------" level="0" />
</member_function>
<member_function>
<name>writeLabSection(ofstream &amp;,const LabSection &amp;)</name>
<extent>
<description>definition</description>
<source_reference file="include/BinaryRepositories.h" line="62" />
</extent>
<lines_of_code value="42" level="1" />
<McCabes_cyclomatic_complexity value="1" level="0" />
<lines_of_comment value="5" level="0" />
<lines_of_code_per_line_of_comment value="8.400" level="1" />
<McCabes_cyclomatic_complexity_per_line_of_comment value="------" level="0" />
</member_function>
</procedural_detail>
<structural_detail>
<module>
<name>LabSectionBinaryRepository</name>
<client_module>
</client_module>
<supplier_module>
<name>ILabSectionRepository</name>
<visible>true</visible>
<concrete>true</concrete>
<extent>
<description>inheritance</description>
<source_reference file="include/BinaryRepositories.h" line="58" />
</extent>
<name>LabSection</name>
<visible>true</visible>
<concrete>false</concrete>
<extent>
<description>pass by reference</description>
<source_reference file="include/BinaryRepositories.h" line="62" />
</extent>
<name>ifstream</name>
<visible>true</visible>
<concrete>false</concrete>
<extent>
<description>pass by reference</description>
<source_reference file="include/BinaryRepositories.h" line="121" />
</extent>
<name>ofstream</name>
<visible>true</visible>
<concrete>false</concrete>
<extent>
<description>pass by reference</description>
<source_reference file="include/BinaryRepositories.h" line="62" />
</extent>
<name>string</name>
<visible>true</visible>
<concrete>true</concrete>
<extent>
<description>has by value</description>
<source_reference file="include/BinaryRepositories.h" line="60" />
</extent>
<extent>
<description>pass by reference</description>
<source_reference file="include/BinaryRepositories.h" line="191" />
</extent>
</supplier_module>
</module>
</structural_detail>
</CCCC_Project>
