<?xml version="1.0" encoding="utf-8"?>
<!--Detailed report on module ReportGenerationService-->
<CCCC_Project>
<module_summary>
<lines_of_code value="165" level="0" />
<lines_of_code_per_member_function value="******" level="0" />
<McCabes_cyclomatic_complexity value="40" level="0" />
<McCabes_cyclomatic_complexity_per_member_function value="******" level="2" />
<lines_of_code value="12" level="0" />
<lines_of_code_per_member_function value="********" level="2" />
<lines_of_code_per_line_of_comment value="13.750" level="1" />
<McCabes_cyclomatic_complexity_per_line_of_comment value="3.333" level="0" />
<weighted_methods_per_class_unity value="7" level="0" />
<weighted_methods_per_class_visibility value="0" level="0" />
<depth_of_inheritance_tree value="0" level="0" />
<number_of_children value="0" level="0" />
<coupling_between_objects value="3" level="0" />
<IF4 value="0" level="0" />
<IF4_per_member_function value="********" level="0" />
<IF4_visible value="0" level="0" />
<IF4_visible_per_member_function value="********" level="0" />
<IF4_concrete value="0" level="0" />
<IF4_concrete_per_member_function value="********" level="0" />
</module_summary>
<module_detail>
<description>definition</description>
<source_reference file="include/ServiceLayer.h" line="189" />
<lines_of_code value="7" level="0" />
<McCabes_cyclomatic_complexity value="0" level="0" />
<lines_of_comment value="1" level="0" />
<lines_of_code_per_line_of_comment value="------" level="0" />
<McCabes_cyclomatic_complexity_per_line_of_comment value="------" level="0" />
</module_detail>
<procedural_detail>
<member_function>
<name>ReportGenerationService(shared_ptr,shared_ptr,shared_ptr)</name>
<extent>
<description>definition</description>
<source_reference file="include/ServiceLayer.h" line="227" />
</extent>
<lines_of_code value="5" level="0" />
<McCabes_cyclomatic_complexity value="0" level="0" />
<lines_of_comment value="0" level="0" />
<lines_of_code_per_line_of_comment value="------" level="0" />
<McCabes_cyclomatic_complexity_per_line_of_comment value="------" level="0" />
</member_function>
<member_function>
<name>formatTime(int,int)</name>
<extent>
<description>definition</description>
<source_reference file="include/ServiceLayer.h" line="210" />
</extent>
<lines_of_code value="6" level="0" />
<McCabes_cyclomatic_complexity value="3" level="0" />
<lines_of_comment value="1" level="0" />
<lines_of_code_per_line_of_comment value="------" level="0" />
<McCabes_cyclomatic_complexity_per_line_of_comment value="------" level="0" />
</member_function>
<member_function>
<name>generateLabSemesterReport(const string &amp;)</name>
<extent>
<description>definition</description>
<source_reference file="include/ServiceLayer.h" line="344" />
</extent>
<lines_of_code value="43" level="1" />
<McCabes_cyclomatic_complexity value="6" level="0" />
<lines_of_comment value="1" level="0" />
<lines_of_code_per_line_of_comment value="43.000" level="2" />
<McCabes_cyclomatic_complexity_per_line_of_comment value="6.000" level="1" />
</member_function>
<member_function>
<name>generateWeeklyScheduleReport()</name>
<extent>
<description>definition</description>
<source_reference file="include/ServiceLayer.h" line="234" />
</extent>
<lines_of_code value="45" level="1" />
<McCabes_cyclomatic_complexity value="10" level="0" />
<lines_of_comment value="2" level="0" />
<lines_of_code_per_line_of_comment value="22.500" level="1" />
<McCabes_cyclomatic_complexity_per_line_of_comment value="5.000" level="0" />
</member_function>
<member_function>
<name>generateWeeklyTimeSheetReport(int,int)</name>
<extent>
<description>definition</description>
<source_reference file="include/ServiceLayer.h" line="291" />
</extent>
<lines_of_code value="42" level="1" />
<McCabes_cyclomatic_complexity value="10" level="0" />
<lines_of_comment value="2" level="0" />
<lines_of_code_per_line_of_comment value="21.000" level="1" />
<McCabes_cyclomatic_complexity_per_line_of_comment value="5.000" level="0" />
</member_function>
<member_function>
<name>getDayName(DayOfWeek)</name>
<extent>
<description>definition</description>
<source_reference file="include/ServiceLayer.h" line="196" />
</extent>
<lines_of_code value="12" level="0" />
<McCabes_cyclomatic_complexity value="9" level="0" />
<lines_of_comment value="1" level="0" />
<lines_of_code_per_line_of_comment value="------" level="0" />
<McCabes_cyclomatic_complexity_per_line_of_comment value="9.000" level="1" />
</member_function>
<member_function>
<name>isDateInWeek(const Date &amp;,int,int)</name>
<extent>
<description>definition</description>
<source_reference file="include/ServiceLayer.h" line="218" />
</extent>
<lines_of_code value="5" level="0" />
<McCabes_cyclomatic_complexity value="2" level="0" />
<lines_of_comment value="4" level="0" />
<lines_of_code_per_line_of_comment value="------" level="0" />
<McCabes_cyclomatic_complexity_per_line_of_comment value="------" level="0" />
</member_function>
</procedural_detail>
<structural_detail>
<module>
<name>ReportGenerationService</name>
<client_module>
</client_module>
<supplier_module>
<name>DayOfWeek</name>
<visible>true</visible>
<concrete>true</concrete>
<extent>
<description>pass by value</description>
<source_reference file="include/ServiceLayer.h" line="196" />
</extent>
<name>shared_ptr</name>
<visible>true</visible>
<concrete>true</concrete>
<extent>
<description>has by value</description>
<source_reference file="include/ServiceLayer.h" line="191" />
</extent>
<extent>
<description>has by value</description>
<source_reference file="include/ServiceLayer.h" line="192" />
</extent>
<extent>
<description>has by value</description>
<source_reference file="include/ServiceLayer.h" line="193" />
</extent>
<extent>
<description>pass by value</description>
<source_reference file="include/ServiceLayer.h" line="228" />
</extent>
<extent>
<description>pass by value</description>
<source_reference file="include/ServiceLayer.h" line="229" />
</extent>
<extent>
<description>pass by value</description>
<source_reference file="include/ServiceLayer.h" line="230" />
</extent>
<name>string</name>
<visible>true</visible>
<concrete>false</concrete>
<extent>
<description>pass by reference</description>
<source_reference file="include/ServiceLayer.h" line="344" />
</extent>
</supplier_module>
</module>
</structural_detail>
</CCCC_Project>
