<?xml version="1.0" encoding="utf-8"?>
<!--Detailed report on module shared_ptr-->
<CCCC_Project>
<module_summary>
<lines_of_code value="0" level="0" />
<lines_of_code_per_member_function value="******" level="0" />
<McCabes_cyclomatic_complexity value="0" level="0" />
<McCabes_cyclomatic_complexity_per_member_function value="******" level="0" />
<lines_of_code value="0" level="0" />
<lines_of_code_per_member_function value="********" level="0" />
<lines_of_code_per_line_of_comment value="------" level="0" />
<McCabes_cyclomatic_complexity_per_line_of_comment value="------" level="0" />
<weighted_methods_per_class_unity value="0" level="0" />
<weighted_methods_per_class_visibility value="0" level="0" />
<depth_of_inheritance_tree value="0" level="0" />
<number_of_children value="0" level="0" />
<coupling_between_objects value="5" level="0" />
<IF4 value="0" level="0" />
<IF4_per_member_function value="********" level="0" />
<IF4_visible value="0" level="0" />
<IF4_visible_per_member_function value="********" level="0" />
<IF4_concrete value="0" level="0" />
<IF4_concrete_per_member_function value="********" level="0" />
</module_summary>
<module_detail>
</module_detail>
<procedural_detail>
</procedural_detail>
<structural_detail>
<module>
<name>shared_ptr</name>
<client_module>
<name>AcademicOfficerService</name>
<visible>true</visible>
<concrete>true</concrete>
<extent>
<description>has by value</description>
<source_reference file="include/ServiceLayer.h" line="20" />
</extent>
<extent>
<description>has by value</description>
<source_reference file="include/ServiceLayer.h" line="21" />
</extent>
<extent>
<description>has by value</description>
<source_reference file="include/ServiceLayer.h" line="22" />
</extent>
<extent>
<description>pass by value</description>
<source_reference file="include/ServiceLayer.h" line="26" />
</extent>
<extent>
<description>pass by value</description>
<source_reference file="include/ServiceLayer.h" line="27" />
</extent>
<extent>
<description>pass by value</description>
<source_reference file="include/ServiceLayer.h" line="28" />
</extent>
<name>AttendantService</name>
<visible>true</visible>
<concrete>true</concrete>
<extent>
<description>has by value</description>
<source_reference file="include/ServiceLayer.h" line="126" />
</extent>
<extent>
<description>has by value</description>
<source_reference file="include/ServiceLayer.h" line="127" />
</extent>
<extent>
<description>pass by value</description>
<source_reference file="include/ServiceLayer.h" line="141" />
</extent>
<extent>
<description>pass by value</description>
<source_reference file="include/ServiceLayer.h" line="142" />
</extent>
<name>InstructorService</name>
<visible>true</visible>
<concrete>true</concrete>
<extent>
<description>has by value</description>
<source_reference file="include/ServiceLayer.h" line="401" />
</extent>
<extent>
<description>has by value</description>
<source_reference file="include/ServiceLayer.h" line="402" />
</extent>
<extent>
<description>pass by value</description>
<source_reference file="include/ServiceLayer.h" line="406" />
</extent>
<extent>
<description>pass by value</description>
<source_reference file="include/ServiceLayer.h" line="407" />
</extent>
<name>LabsManagementApp</name>
<visible>true</visible>
<concrete>true</concrete>
<extent>
<description>has by value</description>
<source_reference file="src/main.cpp" line="101" />
</extent>
<extent>
<description>has by value</description>
<source_reference file="src/main.cpp" line="102" />
</extent>
<extent>
<description>has by value</description>
<source_reference file="src/main.cpp" line="103" />
</extent>
<extent>
<description>has by value</description>
<source_reference file="src/main.cpp" line="104" />
</extent>
<extent>
<description>has by value</description>
<source_reference file="src/main.cpp" line="105" />
</extent>
<extent>
<description>pass by value</description>
<source_reference file="src/main.cpp" line="704" />
</extent>
<extent>
<description>pass by value</description>
<source_reference file="src/main.cpp" line="705" />
</extent>
<extent>
<description>pass by value</description>
<source_reference file="src/main.cpp" line="706" />
</extent>
<extent>
<description>pass by value</description>
<source_reference file="src/main.cpp" line="707" />
</extent>
<extent>
<description>pass by value</description>
<source_reference file="src/main.cpp" line="708" />
</extent>
<name>ReportGenerationService</name>
<visible>true</visible>
<concrete>true</concrete>
<extent>
<description>has by value</description>
<source_reference file="include/ServiceLayer.h" line="191" />
</extent>
<extent>
<description>has by value</description>
<source_reference file="include/ServiceLayer.h" line="192" />
</extent>
<extent>
<description>has by value</description>
<source_reference file="include/ServiceLayer.h" line="193" />
</extent>
<extent>
<description>pass by value</description>
<source_reference file="include/ServiceLayer.h" line="228" />
</extent>
<extent>
<description>pass by value</description>
<source_reference file="include/ServiceLayer.h" line="229" />
</extent>
<extent>
<description>pass by value</description>
<source_reference file="include/ServiceLayer.h" line="230" />
</extent>
</client_module>
<supplier_module>
</supplier_module>
</module>
</structural_detail>
</CCCC_Project>
