<?xml version="1.0" encoding="utf-8"?>
<!--Detailed report on module string-->
<CCCC_Project>
<module_summary>
<lines_of_code value="0" level="0" />
<lines_of_code_per_member_function value="******" level="0" />
<McCabes_cyclomatic_complexity value="0" level="0" />
<McCabes_cyclomatic_complexity_per_member_function value="******" level="0" />
<lines_of_code value="0" level="0" />
<lines_of_code_per_member_function value="********" level="0" />
<lines_of_code_per_line_of_comment value="------" level="0" />
<McCabes_cyclomatic_complexity_per_line_of_comment value="------" level="0" />
<weighted_methods_per_class_unity value="0" level="0" />
<weighted_methods_per_class_visibility value="0" level="0" />
<depth_of_inheritance_tree value="0" level="0" />
<number_of_children value="0" level="0" />
<coupling_between_objects value="14" level="0" />
<IF4 value="0" level="0" />
<IF4_per_member_function value="********" level="0" />
<IF4_visible value="0" level="0" />
<IF4_visible_per_member_function value="********" level="0" />
<IF4_concrete value="0" level="0" />
<IF4_concrete_per_member_function value="********" level="0" />
</module_summary>
<module_detail>
</module_detail>
<procedural_detail>
</procedural_detail>
<structural_detail>
<module>
<name>string</name>
<client_module>
<name>AcademicOfficerService</name>
<visible>true</visible>
<concrete>false</concrete>
<extent>
<description>pass by reference</description>
<source_reference file="include/ServiceLayer.h" line="51" />
</extent>
<extent>
<description>pass by reference</description>
<source_reference file="include/ServiceLayer.h" line="62" />
</extent>
<extent>
<description>pass by reference</description>
<source_reference file="include/ServiceLayer.h" line="62" />
</extent>
<extent>
<description>pass by reference</description>
<source_reference file="include/ServiceLayer.h" line="78" />
</extent>
<extent>
<description>pass by reference</description>
<source_reference file="include/ServiceLayer.h" line="78" />
</extent>
<extent>
<description>pass by reference</description>
<source_reference file="include/ServiceLayer.h" line="94" />
</extent>
<extent>
<description>pass by reference</description>
<source_reference file="include/ServiceLayer.h" line="94" />
</extent>
<extent>
<description>pass by reference</description>
<source_reference file="include/ServiceLayer.h" line="105" />
</extent>
<name>AttendantService</name>
<visible>true</visible>
<concrete>false</concrete>
<extent>
<description>pass by reference</description>
<source_reference file="include/ServiceLayer.h" line="130" />
</extent>
<extent>
<description>pass by reference</description>
<source_reference file="include/ServiceLayer.h" line="130" />
</extent>
<extent>
<description>pass by reference</description>
<source_reference file="include/ServiceLayer.h" line="146" />
</extent>
<extent>
<description>pass by reference</description>
<source_reference file="include/ServiceLayer.h" line="146" />
</extent>
<extent>
<description>pass by reference</description>
<source_reference file="include/ServiceLayer.h" line="164" />
</extent>
<extent>
<description>pass by reference</description>
<source_reference file="include/ServiceLayer.h" line="164" />
</extent>
<extent>
<description>pass by reference</description>
<source_reference file="include/ServiceLayer.h" line="165" />
</extent>
<name>BinarySerializer</name>
<visible>true</visible>
<concrete>false</concrete>
<extent>
<description>pass by reference</description>
<source_reference file="include/BinaryRepositories.h" line="20" />
</extent>
<name>ConsoleUI</name>
<visible>true</visible>
<concrete>false</concrete>
<extent>
<description>pass by reference</description>
<source_reference file="src/main.cpp" line="34" />
</extent>
<extent>
<description>pass by reference</description>
<source_reference file="src/main.cpp" line="41" />
</extent>
<extent>
<description>pass by reference</description>
<source_reference file="src/main.cpp" line="45" />
</extent>
<extent>
<description>pass by reference</description>
<source_reference file="src/main.cpp" line="49" />
</extent>
<extent>
<description>pass by reference</description>
<source_reference file="src/main.cpp" line="68" />
</extent>
<extent>
<description>pass by reference</description>
<source_reference file="src/main.cpp" line="75" />
</extent>
<extent>
<description>pass by reference</description>
<source_reference file="src/main.cpp" line="82" />
</extent>
<name>InstructorService</name>
<visible>true</visible>
<concrete>false</concrete>
<extent>
<description>pass by reference</description>
<source_reference file="include/ServiceLayer.h" line="411" />
</extent>
<extent>
<description>pass by reference</description>
<source_reference file="include/ServiceLayer.h" line="411" />
</extent>
<extent>
<description>pass by reference</description>
<source_reference file="include/ServiceLayer.h" line="413" />
</extent>
<extent>
<description>pass by reference</description>
<source_reference file="include/ServiceLayer.h" line="444" />
</extent>
<name>LabSectionBinaryRepository</name>
<visible>true</visible>
<concrete>true</concrete>
<extent>
<description>has by value</description>
<source_reference file="include/BinaryRepositories.h" line="60" />
</extent>
<extent>
<description>pass by reference</description>
<source_reference file="include/BinaryRepositories.h" line="191" />
</extent>
<name>LabsManagementApp</name>
<visible>true</visible>
<concrete>false</concrete>
<extent>
<description>pass by reference</description>
<source_reference file="src/main.cpp" line="445" />
</extent>
<extent>
<description>pass by reference</description>
<source_reference file="src/main.cpp" line="453" />
</extent>
<extent>
<description>pass by reference</description>
<source_reference file="src/main.cpp" line="461" />
</extent>
<extent>
<description>pass by reference</description>
<source_reference file="src/main.cpp" line="488" />
</extent>
<extent>
<description>pass by reference</description>
<source_reference file="src/main.cpp" line="514" />
</extent>
<extent>
<description>pass by reference</description>
<source_reference file="src/main.cpp" line="522" />
</extent>
<name>Person</name>
<visible>true</visible>
<concrete>true</concrete>
<extent>
<description>has by value</description>
<source_reference file="include/DomainModels.h" line="68" />
</extent>
<extent>
<description>has by value</description>
<source_reference file="include/DomainModels.h" line="69" />
</extent>
<extent>
<description>has by value</description>
<source_reference file="include/DomainModels.h" line="70" />
</extent>
<extent>
<description>has by value</description>
<source_reference file="include/DomainModels.h" line="71" />
</extent>
<extent>
<description>pass by reference</description>
<source_reference file="include/DomainModels.h" line="74" />
</extent>
<extent>
<description>pass by reference</description>
<source_reference file="include/DomainModels.h" line="74" />
</extent>
<extent>
<description>pass by reference</description>
<source_reference file="include/DomainModels.h" line="75" />
</extent>
<extent>
<description>pass by reference</description>
<source_reference file="include/DomainModels.h" line="75" />
</extent>
<name>ReportGenerationService</name>
<visible>true</visible>
<concrete>false</concrete>
<extent>
<description>pass by reference</description>
<source_reference file="include/ServiceLayer.h" line="344" />
</extent>
<name>TABinaryRepository</name>
<visible>true</visible>
<concrete>true</concrete>
<extent>
<description>has by value</description>
<source_reference file="include/RemainingRepositories.h" line="17" />
</extent>
<extent>
<description>pass by reference</description>
<source_reference file="include/RemainingRepositories.h" line="40" />
</extent>
<name>User</name>
<visible>true</visible>
<concrete>true</concrete>
<extent>
<description>has by value</description>
<source_reference file="include/UserAuthentication.h" line="30" />
</extent>
<extent>
<description>has by value</description>
<source_reference file="include/UserAuthentication.h" line="31" />
</extent>
<extent>
<description>has by value</description>
<source_reference file="include/UserAuthentication.h" line="32" />
</extent>
<extent>
<description>has by value</description>
<source_reference file="include/UserAuthentication.h" line="33" />
</extent>
<extent>
<description>has by value</description>
<source_reference file="include/UserAuthentication.h" line="34" />
</extent>
<extent>
<description>has by value</description>
<source_reference file="include/UserAuthentication.h" line="36" />
</extent>
<extent>
<description>pass by reference</description>
<source_reference file="include/UserAuthentication.h" line="44" />
</extent>
<extent>
<description>pass by reference</description>
<source_reference file="include/UserAuthentication.h" line="44" />
</extent>
<extent>
<description>pass by reference</description>
<source_reference file="include/UserAuthentication.h" line="44" />
</extent>
<extent>
<description>pass by reference</description>
<source_reference file="include/UserAuthentication.h" line="45" />
</extent>
<extent>
<description>pass by reference</description>
<source_reference file="include/UserAuthentication.h" line="45" />
</extent>
<extent>
<description>pass by reference</description>
<source_reference file="include/UserAuthentication.h" line="46" />
</extent>
<extent>
<description>pass by reference</description>
<source_reference file="include/UserAuthentication.h" line="66" />
</extent>
<extent>
<description>pass by reference</description>
<source_reference file="include/UserAuthentication.h" line="67" />
</extent>
<extent>
<description>pass by reference</description>
<source_reference file="include/UserAuthentication.h" line="68" />
</extent>
<extent>
<description>pass by reference</description>
<source_reference file="include/UserAuthentication.h" line="69" />
</extent>
<extent>
<description>pass by reference</description>
<source_reference file="include/UserAuthentication.h" line="70" />
</extent>
<extent>
<description>pass by reference</description>
<source_reference file="include/UserAuthentication.h" line="72" />
</extent>
<extent>
<description>pass by reference</description>
<source_reference file="include/UserAuthentication.h" line="83" />
</extent>
<name>UserBinaryRepository</name>
<visible>true</visible>
<concrete>true</concrete>
<extent>
<description>has by value</description>
<source_reference file="include/UserAuthentication.h" line="142" />
</extent>
<extent>
<description>pass by reference</description>
<source_reference file="include/UserAuthentication.h" line="197" />
</extent>
<name>UserSerializer</name>
<visible>true</visible>
<concrete>false</concrete>
<extent>
<description>pass by reference</description>
<source_reference file="include/UserAuthentication.h" line="117" />
</extent>
<name>Venue</name>
<visible>true</visible>
<concrete>true</concrete>
<extent>
<description>has by value</description>
<source_reference file="include/DomainModels.h" line="48" />
</extent>
<extent>
<description>has by value</description>
<source_reference file="include/DomainModels.h" line="49" />
</extent>
<extent>
<description>pass by reference</description>
<source_reference file="include/DomainModels.h" line="53" />
</extent>
<extent>
<description>pass by reference</description>
<source_reference file="include/DomainModels.h" line="53" />
</extent>
<extent>
<description>pass by reference</description>
<source_reference file="include/DomainModels.h" line="60" />
</extent>
<extent>
<description>pass by reference</description>
<source_reference file="include/DomainModels.h" line="61" />
</extent>
</client_module>
<supplier_module>
</supplier_module>
</module>
</structural_detail>
</CCCC_Project>
