<?xml version="1.0" encoding="utf-8"?>
<!--Detailed report on module TABinaryRepository-->
<CCCC_Project>
<module_summary>
<lines_of_code value="34" level="0" />
<lines_of_code_per_member_function value="******" level="0" />
<McCabes_cyclomatic_complexity value="4" level="0" />
<McCabes_cyclomatic_complexity_per_member_function value="******" level="2" />
<lines_of_code value="4" level="0" />
<lines_of_code_per_member_function value="********" level="2" />
<lines_of_code_per_line_of_comment value="8.500" level="1" />
<McCabes_cyclomatic_complexity_per_line_of_comment value="------" level="0" />
<weighted_methods_per_class_unity value="3" level="0" />
<weighted_methods_per_class_visibility value="0" level="0" />
<depth_of_inheritance_tree value="2" level="0" />
<number_of_children value="0" level="0" />
<coupling_between_objects value="5" level="0" />
<IF4 value="0" level="0" />
<IF4_per_member_function value="********" level="0" />
<IF4_visible value="0" level="0" />
<IF4_visible_per_member_function value="********" level="0" />
<IF4_concrete value="0" level="0" />
<IF4_concrete_per_member_function value="********" level="0" />
</module_summary>
<module_detail>
<description>definition</description>
<source_reference file="include/RemainingRepositories.h" line="15" />
<lines_of_code value="14" level="0" />
<McCabes_cyclomatic_complexity value="3" level="0" />
<lines_of_comment value="4" level="0" />
<lines_of_code_per_line_of_comment value="------" level="0" />
<McCabes_cyclomatic_complexity_per_line_of_comment value="------" level="0" />
</module_detail>
<procedural_detail>
<member_function>
<name>TABinaryRepository(const string &amp;)</name>
<extent>
<description>definition</description>
<source_reference file="include/RemainingRepositories.h" line="40" />
</extent>
<lines_of_code value="3" level="0" />
<McCabes_cyclomatic_complexity value="0" level="0" />
<lines_of_comment value="0" level="0" />
<lines_of_code_per_line_of_comment value="------" level="0" />
<McCabes_cyclomatic_complexity_per_line_of_comment value="------" level="0" />
</member_function>
<member_function>
<name>readTA(ifstream &amp;)</name>
<extent>
<description>definition</description>
<source_reference file="include/RemainingRepositories.h" line="28" />
</extent>
<lines_of_code value="9" level="0" />
<McCabes_cyclomatic_complexity value="1" level="0" />
<lines_of_comment value="0" level="0" />
<lines_of_code_per_line_of_comment value="------" level="0" />
<McCabes_cyclomatic_complexity_per_line_of_comment value="------" level="0" />
</member_function>
<member_function>
<name>writeTA(ofstream &amp;,const TeachingAssistant &amp;)</name>
<extent>
<description>definition</description>
<source_reference file="include/RemainingRepositories.h" line="19" />
</extent>
<lines_of_code value="8" level="0" />
<McCabes_cyclomatic_complexity value="0" level="0" />
<lines_of_comment value="0" level="0" />
<lines_of_code_per_line_of_comment value="------" level="0" />
<McCabes_cyclomatic_complexity_per_line_of_comment value="------" level="0" />
</member_function>
</procedural_detail>
<structural_detail>
<module>
<name>TABinaryRepository</name>
<client_module>
</client_module>
<supplier_module>
<name>ITARepository</name>
<visible>true</visible>
<concrete>true</concrete>
<extent>
<description>inheritance</description>
<source_reference file="include/RemainingRepositories.h" line="15" />
</extent>
<name>TeachingAssistant</name>
<visible>true</visible>
<concrete>false</concrete>
<extent>
<description>pass by reference</description>
<source_reference file="include/RemainingRepositories.h" line="19" />
</extent>
<name>ifstream</name>
<visible>true</visible>
<concrete>false</concrete>
<extent>
<description>pass by reference</description>
<source_reference file="include/RemainingRepositories.h" line="28" />
</extent>
<name>ofstream</name>
<visible>true</visible>
<concrete>false</concrete>
<extent>
<description>pass by reference</description>
<source_reference file="include/RemainingRepositories.h" line="19" />
</extent>
<name>string</name>
<visible>true</visible>
<concrete>true</concrete>
<extent>
<description>has by value</description>
<source_reference file="include/RemainingRepositories.h" line="17" />
</extent>
<extent>
<description>pass by reference</description>
<source_reference file="include/RemainingRepositories.h" line="40" />
</extent>
</supplier_module>
</module>
</structural_detail>
</CCCC_Project>
