<?xml version="1.0" encoding="utf-8"?>
<!--Detailed report on module User-->
<CCCC_Project>
<module_summary>
<lines_of_code value="58" level="0" />
<lines_of_code_per_member_function value="******" level="0" />
<McCabes_cyclomatic_complexity value="17" level="0" />
<McCabes_cyclomatic_complexity_per_member_function value="******" level="2" />
<lines_of_code value="6" level="0" />
<lines_of_code_per_member_function value="********" level="2" />
<lines_of_code_per_line_of_comment value="9.667" level="1" />
<McCabes_cyclomatic_complexity_per_line_of_comment value="2.833" level="0" />
<weighted_methods_per_class_unity value="25" level="0" />
<weighted_methods_per_class_visibility value="1" level="0" />
<depth_of_inheritance_tree value="0" level="0" />
<number_of_children value="0" level="0" />
<coupling_between_objects value="5" level="0" />
<IF4 value="16" level="0" />
<IF4_per_member_function value="********" level="2" />
<IF4_visible value="16" level="0" />
<IF4_visible_per_member_function value="********" level="2" />
<IF4_concrete value="0" level="0" />
<IF4_concrete_per_member_function value="********" level="0" />
</module_summary>
<module_detail>
<description>definition</description>
<source_reference file="include/UserAuthentication.h" line="28" />
<lines_of_code value="14" level="0" />
<McCabes_cyclomatic_complexity value="0" level="0" />
<lines_of_comment value="1" level="0" />
<lines_of_code_per_line_of_comment value="------" level="0" />
<McCabes_cyclomatic_complexity_per_line_of_comment value="------" level="0" />
</module_detail>
<procedural_detail>
<member_function>
<name>User()</name>
<extent>
<description>definition</description>
<source_reference file="include/UserAuthentication.h" line="42" />
</extent>
<lines_of_code value="1" level="0" />
<McCabes_cyclomatic_complexity value="0" level="0" />
<lines_of_comment value="0" level="0" />
<lines_of_code_per_line_of_comment value="------" level="0" />
<McCabes_cyclomatic_complexity_per_line_of_comment value="------" level="0" />
</member_function>
<member_function>
<name>User(const string &amp;,const string &amp;,const string &amp;,const string &amp;,const string &amp;,UserRole,const string &amp;)</name>
<extent>
<description>definition</description>
<source_reference file="include/UserAuthentication.h" line="44" />
</extent>
<lines_of_code value="8" level="0" />
<McCabes_cyclomatic_complexity value="0" level="0" />
<lines_of_comment value="0" level="0" />
<lines_of_code_per_line_of_comment value="------" level="0" />
<McCabes_cyclomatic_complexity_per_line_of_comment value="------" level="0" />
</member_function>
<member_function>
<name>getCreatedAt()</name>
<extent>
<description>definition</description>
<source_reference file="include/UserAuthentication.h" line="62" />
</extent>
<lines_of_code value="1" level="0" />
<McCabes_cyclomatic_complexity value="1" level="0" />
<lines_of_comment value="0" level="0" />
<lines_of_code_per_line_of_comment value="------" level="0" />
<McCabes_cyclomatic_complexity_per_line_of_comment value="------" level="0" />
</member_function>
<member_function>
<name>getEmail()</name>
<extent>
<description>definition</description>
<source_reference file="include/UserAuthentication.h" line="58" />
</extent>
<lines_of_code value="1" level="0" />
<McCabes_cyclomatic_complexity value="1" level="0" />
<lines_of_comment value="0" level="0" />
<lines_of_code_per_line_of_comment value="------" level="0" />
<McCabes_cyclomatic_complexity_per_line_of_comment value="------" level="0" />
</member_function>
<member_function>
<name>getFullName()</name>
<extent>
<description>definition</description>
<source_reference file="include/UserAuthentication.h" line="57" />
</extent>
<lines_of_code value="1" level="0" />
<McCabes_cyclomatic_complexity value="1" level="0" />
<lines_of_comment value="0" level="0" />
<lines_of_code_per_line_of_comment value="------" level="0" />
<McCabes_cyclomatic_complexity_per_line_of_comment value="------" level="0" />
</member_function>
<member_function>
<name>getIsActive()</name>
<extent>
<description>definition</description>
<source_reference file="include/UserAuthentication.h" line="61" />
</extent>
<lines_of_code value="1" level="0" />
<McCabes_cyclomatic_complexity value="1" level="0" />
<lines_of_comment value="0" level="0" />
<lines_of_code_per_line_of_comment value="------" level="0" />
<McCabes_cyclomatic_complexity_per_line_of_comment value="------" level="0" />
</member_function>
<member_function>
<name>getLastLogin()</name>
<extent>
<description>definition</description>
<source_reference file="include/UserAuthentication.h" line="63" />
</extent>
<lines_of_code value="1" level="0" />
<McCabes_cyclomatic_complexity value="1" level="0" />
<lines_of_comment value="0" level="0" />
<lines_of_code_per_line_of_comment value="------" level="0" />
<McCabes_cyclomatic_complexity_per_line_of_comment value="------" level="0" />
</member_function>
<member_function>
<name>getLinkedEntityId()</name>
<extent>
<description>definition</description>
<source_reference file="include/UserAuthentication.h" line="60" />
</extent>
<lines_of_code value="1" level="0" />
<McCabes_cyclomatic_complexity value="1" level="0" />
<lines_of_comment value="0" level="0" />
<lines_of_code_per_line_of_comment value="------" level="0" />
<McCabes_cyclomatic_complexity_per_line_of_comment value="------" level="0" />
</member_function>
<member_function>
<name>getPassword()</name>
<extent>
<description>definition</description>
<source_reference file="include/UserAuthentication.h" line="56" />
</extent>
<lines_of_code value="1" level="0" />
<McCabes_cyclomatic_complexity value="1" level="0" />
<lines_of_comment value="0" level="0" />
<lines_of_code_per_line_of_comment value="------" level="0" />
<McCabes_cyclomatic_complexity_per_line_of_comment value="------" level="0" />
</member_function>
<member_function>
<name>getRole()</name>
<extent>
<description>definition</description>
<source_reference file="include/UserAuthentication.h" line="59" />
</extent>
<lines_of_code value="1" level="0" />
<McCabes_cyclomatic_complexity value="1" level="0" />
<lines_of_comment value="0" level="0" />
<lines_of_code_per_line_of_comment value="------" level="0" />
<McCabes_cyclomatic_complexity_per_line_of_comment value="------" level="0" />
</member_function>
<member_function>
<name>getRoleString()</name>
<extent>
<description>definition</description>
<source_reference file="include/UserAuthentication.h" line="88" />
</extent>
<lines_of_code value="9" level="0" />
<McCabes_cyclomatic_complexity value="6" level="0" />
<lines_of_comment value="1" level="0" />
<lines_of_code_per_line_of_comment value="------" level="0" />
<McCabes_cyclomatic_complexity_per_line_of_comment value="6.000" level="1" />
</member_function>
<member_function>
<name>getUserId()</name>
<extent>
<description>definition</description>
<source_reference file="include/UserAuthentication.h" line="54" />
</extent>
<lines_of_code value="1" level="0" />
<McCabes_cyclomatic_complexity value="1" level="0" />
<lines_of_comment value="1" level="0" />
<lines_of_code_per_line_of_comment value="------" level="0" />
<McCabes_cyclomatic_complexity_per_line_of_comment value="------" level="0" />
</member_function>
<member_function>
<name>getUsername()</name>
<extent>
<description>definition</description>
<source_reference file="include/UserAuthentication.h" line="55" />
</extent>
<lines_of_code value="1" level="0" />
<McCabes_cyclomatic_complexity value="1" level="0" />
<lines_of_comment value="0" level="0" />
<lines_of_code_per_line_of_comment value="------" level="0" />
<McCabes_cyclomatic_complexity_per_line_of_comment value="------" level="0" />
</member_function>
<member_function>
<name>setCreatedAt(time_t)</name>
<extent>
<description>definition</description>
<source_reference file="include/UserAuthentication.h" line="74" />
</extent>
<lines_of_code value="1" level="0" />
<McCabes_cyclomatic_complexity value="0" level="0" />
<lines_of_comment value="0" level="0" />
<lines_of_code_per_line_of_comment value="------" level="0" />
<McCabes_cyclomatic_complexity_per_line_of_comment value="------" level="0" />
</member_function>
<member_function>
<name>setEmail(const string &amp;)</name>
<extent>
<description>definition</description>
<source_reference file="include/UserAuthentication.h" line="70" />
</extent>
<lines_of_code value="1" level="0" />
<McCabes_cyclomatic_complexity value="0" level="0" />
<lines_of_comment value="0" level="0" />
<lines_of_code_per_line_of_comment value="------" level="0" />
<McCabes_cyclomatic_complexity_per_line_of_comment value="------" level="0" />
</member_function>
<member_function>
<name>setFullName(const string &amp;)</name>
<extent>
<description>definition</description>
<source_reference file="include/UserAuthentication.h" line="69" />
</extent>
<lines_of_code value="1" level="0" />
<McCabes_cyclomatic_complexity value="0" level="0" />
<lines_of_comment value="0" level="0" />
<lines_of_code_per_line_of_comment value="------" level="0" />
<McCabes_cyclomatic_complexity_per_line_of_comment value="------" level="0" />
</member_function>
<member_function>
<name>setIsActive(bool)</name>
<extent>
<description>definition</description>
<source_reference file="include/UserAuthentication.h" line="73" />
</extent>
<lines_of_code value="1" level="0" />
<McCabes_cyclomatic_complexity value="0" level="0" />
<lines_of_comment value="0" level="0" />
<lines_of_code_per_line_of_comment value="------" level="0" />
<McCabes_cyclomatic_complexity_per_line_of_comment value="------" level="0" />
</member_function>
<member_function>
<name>setLastLogin(time_t)</name>
<extent>
<description>definition</description>
<source_reference file="include/UserAuthentication.h" line="75" />
</extent>
<lines_of_code value="1" level="0" />
<McCabes_cyclomatic_complexity value="0" level="0" />
<lines_of_comment value="0" level="0" />
<lines_of_code_per_line_of_comment value="------" level="0" />
<McCabes_cyclomatic_complexity_per_line_of_comment value="------" level="0" />
</member_function>
<member_function>
<name>setLinkedEntityId(const string &amp;)</name>
<extent>
<description>definition</description>
<source_reference file="include/UserAuthentication.h" line="72" />
</extent>
<lines_of_code value="1" level="0" />
<McCabes_cyclomatic_complexity value="0" level="0" />
<lines_of_comment value="0" level="0" />
<lines_of_code_per_line_of_comment value="------" level="0" />
<McCabes_cyclomatic_complexity_per_line_of_comment value="------" level="0" />
</member_function>
<member_function>
<name>setPassword(const string &amp;)</name>
<extent>
<description>definition</description>
<source_reference file="include/UserAuthentication.h" line="68" />
</extent>
<lines_of_code value="1" level="0" />
<McCabes_cyclomatic_complexity value="0" level="0" />
<lines_of_comment value="0" level="0" />
<lines_of_code_per_line_of_comment value="------" level="0" />
<McCabes_cyclomatic_complexity_per_line_of_comment value="------" level="0" />
</member_function>
<member_function>
<name>setRole(UserRole)</name>
<extent>
<description>definition</description>
<source_reference file="include/UserAuthentication.h" line="71" />
</extent>
<lines_of_code value="1" level="0" />
<McCabes_cyclomatic_complexity value="0" level="0" />
<lines_of_comment value="0" level="0" />
<lines_of_code_per_line_of_comment value="------" level="0" />
<McCabes_cyclomatic_complexity_per_line_of_comment value="------" level="0" />
</member_function>
<member_function>
<name>setUserId(const string &amp;)</name>
<extent>
<description>definition</description>
<source_reference file="include/UserAuthentication.h" line="66" />
</extent>
<lines_of_code value="1" level="0" />
<McCabes_cyclomatic_complexity value="0" level="0" />
<lines_of_comment value="1" level="0" />
<lines_of_code_per_line_of_comment value="------" level="0" />
<McCabes_cyclomatic_complexity_per_line_of_comment value="------" level="0" />
</member_function>
<member_function>
<name>setUsername(const string &amp;)</name>
<extent>
<description>definition</description>
<source_reference file="include/UserAuthentication.h" line="67" />
</extent>
<lines_of_code value="1" level="0" />
<McCabes_cyclomatic_complexity value="0" level="0" />
<lines_of_comment value="0" level="0" />
<lines_of_code_per_line_of_comment value="------" level="0" />
<McCabes_cyclomatic_complexity_per_line_of_comment value="------" level="0" />
</member_function>
<member_function>
<name>updateLastLogin()</name>
<extent>
<description>definition</description>
<source_reference file="include/UserAuthentication.h" line="78" />
</extent>
<lines_of_code value="3" level="0" />
<McCabes_cyclomatic_complexity value="0" level="0" />
<lines_of_comment value="1" level="0" />
<lines_of_code_per_line_of_comment value="------" level="0" />
<McCabes_cyclomatic_complexity_per_line_of_comment value="------" level="0" />
</member_function>
<member_function>
<name>verifyPassword(const string &amp;)</name>
<extent>
<description>definition</description>
<source_reference file="include/UserAuthentication.h" line="83" />
</extent>
<lines_of_code value="3" level="0" />
<McCabes_cyclomatic_complexity value="1" level="0" />
<lines_of_comment value="1" level="0" />
<lines_of_code_per_line_of_comment value="------" level="0" />
<McCabes_cyclomatic_complexity_per_line_of_comment value="------" level="0" />
</member_function>
</procedural_detail>
<structural_detail>
<module>
<name>User</name>
<client_module>
<name>UserBinaryRepository</name>
<visible>true</visible>
<concrete>false</concrete>
<extent>
<description>pass by reference</description>
<source_reference file="include/UserAuthentication.h" line="144" />
</extent>
</client_module>
<supplier_module>
<name>UserRole</name>
<visible>true</visible>
<concrete>true</concrete>
<extent>
<description>has by value</description>
<source_reference file="include/UserAuthentication.h" line="35" />
</extent>
<extent>
<description>pass by value</description>
<source_reference file="include/UserAuthentication.h" line="45" />
</extent>
<extent>
<description>pass by value</description>
<source_reference file="include/UserAuthentication.h" line="71" />
</extent>
<name>bool</name>
<visible>true</visible>
<concrete>true</concrete>
<extent>
<description>has by value</description>
<source_reference file="include/UserAuthentication.h" line="37" />
</extent>
<extent>
<description>pass by value</description>
<source_reference file="include/UserAuthentication.h" line="73" />
</extent>
<name>string</name>
<visible>true</visible>
<concrete>true</concrete>
<extent>
<description>has by value</description>
<source_reference file="include/UserAuthentication.h" line="30" />
</extent>
<extent>
<description>has by value</description>
<source_reference file="include/UserAuthentication.h" line="31" />
</extent>
<extent>
<description>has by value</description>
<source_reference file="include/UserAuthentication.h" line="32" />
</extent>
<extent>
<description>has by value</description>
<source_reference file="include/UserAuthentication.h" line="33" />
</extent>
<extent>
<description>has by value</description>
<source_reference file="include/UserAuthentication.h" line="34" />
</extent>
<extent>
<description>has by value</description>
<source_reference file="include/UserAuthentication.h" line="36" />
</extent>
<extent>
<description>pass by reference</description>
<source_reference file="include/UserAuthentication.h" line="44" />
</extent>
<extent>
<description>pass by reference</description>
<source_reference file="include/UserAuthentication.h" line="44" />
</extent>
<extent>
<description>pass by reference</description>
<source_reference file="include/UserAuthentication.h" line="44" />
</extent>
<extent>
<description>pass by reference</description>
<source_reference file="include/UserAuthentication.h" line="45" />
</extent>
<extent>
<description>pass by reference</description>
<source_reference file="include/UserAuthentication.h" line="45" />
</extent>
<extent>
<description>pass by reference</description>
<source_reference file="include/UserAuthentication.h" line="46" />
</extent>
<extent>
<description>pass by reference</description>
<source_reference file="include/UserAuthentication.h" line="66" />
</extent>
<extent>
<description>pass by reference</description>
<source_reference file="include/UserAuthentication.h" line="67" />
</extent>
<extent>
<description>pass by reference</description>
<source_reference file="include/UserAuthentication.h" line="68" />
</extent>
<extent>
<description>pass by reference</description>
<source_reference file="include/UserAuthentication.h" line="69" />
</extent>
<extent>
<description>pass by reference</description>
<source_reference file="include/UserAuthentication.h" line="70" />
</extent>
<extent>
<description>pass by reference</description>
<source_reference file="include/UserAuthentication.h" line="72" />
</extent>
<extent>
<description>pass by reference</description>
<source_reference file="include/UserAuthentication.h" line="83" />
</extent>
<name>time_t</name>
<visible>true</visible>
<concrete>true</concrete>
<extent>
<description>has by value</description>
<source_reference file="include/UserAuthentication.h" line="38" />
</extent>
<extent>
<description>has by value</description>
<source_reference file="include/UserAuthentication.h" line="39" />
</extent>
<extent>
<description>pass by value</description>
<source_reference file="include/UserAuthentication.h" line="74" />
</extent>
<extent>
<description>pass by value</description>
<source_reference file="include/UserAuthentication.h" line="75" />
</extent>
</supplier_module>
</module>
</structural_detail>
</CCCC_Project>
