<?xml version="1.0" encoding="utf-8"?>
<!--Detailed report on module UserRole-->
<CCCC_Project>
<module_summary>
<lines_of_code value="7" level="0" />
<lines_of_code_per_member_function value="******" level="0" />
<McCabes_cyclomatic_complexity value="0" level="0" />
<McCabes_cyclomatic_complexity_per_member_function value="******" level="0" />
<lines_of_code value="4" level="0" />
<lines_of_code_per_member_function value="********" level="2" />
<lines_of_code_per_line_of_comment value="------" level="0" />
<McCabes_cyclomatic_complexity_per_line_of_comment value="------" level="0" />
<weighted_methods_per_class_unity value="0" level="0" />
<weighted_methods_per_class_visibility value="0" level="0" />
<depth_of_inheritance_tree value="0" level="0" />
<number_of_children value="0" level="0" />
<coupling_between_objects value="1" level="0" />
<IF4 value="0" level="0" />
<IF4_per_member_function value="********" level="0" />
<IF4_visible value="0" level="0" />
<IF4_visible_per_member_function value="********" level="0" />
<IF4_concrete value="0" level="0" />
<IF4_concrete_per_member_function value="********" level="0" />
</module_summary>
<module_detail>
<description>definition</description>
<source_reference file="include/UserAuthentication.h" line="19" />
<lines_of_code value="7" level="0" />
<McCabes_cyclomatic_complexity value="0" level="0" />
<lines_of_comment value="4" level="0" />
<lines_of_code_per_line_of_comment value="------" level="0" />
<McCabes_cyclomatic_complexity_per_line_of_comment value="------" level="0" />
</module_detail>
<procedural_detail>
</procedural_detail>
<structural_detail>
<module>
<name>UserRole</name>
<client_module>
<name>User</name>
<visible>true</visible>
<concrete>true</concrete>
<extent>
<description>has by value</description>
<source_reference file="include/UserAuthentication.h" line="35" />
</extent>
<extent>
<description>pass by value</description>
<source_reference file="include/UserAuthentication.h" line="45" />
</extent>
<extent>
<description>pass by value</description>
<source_reference file="include/UserAuthentication.h" line="71" />
</extent>
</client_module>
<supplier_module>
</supplier_module>
</module>
</structural_detail>
</CCCC_Project>
